,Bids,Asks,Est
0,148200,148400,148300.0
1,148100,148400,148250.0
2,148300,148500,148400.0
3,148300,148500,148400.0
4,148700,148900,148800.0
5,148600,148900,148750.0
6,148600,148800,148700.0
7,148500,148800,148650.0
8,148500,148700,148600.0
9,148500,148700,148600.0
10,148500,148800,148650.0
11,148600,148800,148700.0
12,148600,148800,148700.0
13,148600,148700,148650.0
14,148500,148700,148600.0
15,148900,149000,148950.0
16,148900,149100,149000.0
17,149000,149300,149150.0
18,149000,149200,149100.0
19,148800,149000,148900.0
20,148800,149000,148900.0
21,148800,149000,148900.0
22,148900,149100,149000.0
23,148800,149000,148900.0
24,148700,149000,148850.0
25,148700,149000,148850.0
26,148700,148900,148800.0
27,148700,148900,148800.0
28,148800,149000,148900.0
29,148900,149000,148950.0
30,149200,149300,149250.0
31,149100,149300,149200.0
32,149100,149300,149200.0
33,149100,149300,149200.0
34,149100,149400,149250.0
35,149100,149400,149250.0
36,149600,149800,149700.0
37,149700,150000,149850.0
38,149800,149900,149850.0
39,149800,150000,149900.0
40,149800,150000,149900.0
41,149800,149900,149850.0
42,149700,149900,149800.0
43,149800,149900,149850.0
44,149900,150000,149950.0
45,150000,150200,150100.0
46,150200,150400,150300.0
47,150800,151000,150900.0
48,150800,151000,150900.0
49,150900,151100,151000.0
50,150900,151100,151000.0
51,150900,151000,150950.0
52,150800,151000,150900.0
53,150900,151100,151000.0
54,150900,151100,151000.0
55,151100,151300,151200.0
56,151100,151200,151150.0
57,151000,151100,151050.0
58,151000,151200,151100.0
59,150800,150900,150850.0
60,151100,151400,151250.0
61,151400,151500,151450.0
62,151500,151600,151550.0
63,151500,151600,151550.0
64,151400,151500,151450.0
65,151600,151800,151700.0
66,151500,151600,151550.0
67,151600,151800,151700.0
68,152000,152200,152100.0
69,152100,152200,152150.0
70,152100,152200,152150.0
71,151800,152000,151900.0
72,151800,151900,151850.0
73,151900,152100,152000.0
74,151900,152000,151950.0
75,151800,152000,151900.0
76,151700,151800,151750.0
77,151400,151600,151500.0
78,151700,151900,151800.0
79,151600,151800,151700.0
80,151800,152000,151900.0
81,152000,152100,152050.0
82,152000,152100,152050.0
83,151900,152100,152000.0
84,151800,151900,151850.0
85,151600,151900,151750.0
86,151600,151800,151700.0
87,151700,151900,151800.0
88,151700,152000,151850.0
89,151800,152000,151900.0
90,151700,151900,151800.0
91,151700,151900,151800.0
92,151500,151700,151600.0
93,151400,151500,151450.0
94,151400,151600,151500.0
95,151400,151600,151500.0
96,151400,151600,151500.0
97,151300,151500,151400.0
98,151100,151300,151200.0
99,151000,151100,151050.0
100,151000,151100,151050.0
101,151000,151200,151100.0
102,150900,151100,151000.0
103,151000,151100,151050.0
104,150800,151000,150900.0
105,151000,151100,151050.0
106,151000,151200,151100.0
107,151100,151200,151150.0
108,151400,151600,151500.0
109,151200,151400,151300.0
110,151200,151400,151300.0
111,151200,151400,151300.0
112,151200,151400,151300.0
113,151200,151500,151350.0
114,151100,151300,151200.0
115,151200,151400,151300.0
116,151200,151400,151300.0
117,151200,151400,151300.0
118,151200,151400,151300.0
119,151000,151100,151050.0
120,151100,151300,151200.0
121,151100,151300,151200.0
122,150900,151000,150950.0
123,150800,151000,150900.0
124,150800,151000,150900.0
125,150800,151000,150900.0
126,151100,151200,151150.0
127,151000,151200,151100.0
128,150700,150800,150750.0
129,150900,151100,151000.0
130,150700,150800,150750.0
131,150300,150400,150350.0
132,150500,150700,150600.0
133,150400,150600,150500.0
134,150300,150500,150400.0
135,150200,150300,150250.0
136,150200,150300,150250.0
137,150200,150300,150250.0
138,150100,150200,150150.0
139,150100,150200,150150.0
140,150200,150400,150300.0
141,150300,150400,150350.0
142,150300,150500,150400.0
143,150200,150300,150250.0
144,150200,150400,150300.0
145,150300,150400,150350.0
146,150300,150400,150350.0
147,150300,150500,150400.0
148,150100,150300,150200.0
149,150100,150400,150250.0
150,150200,150400,150300.0
151,150100,150300,150200.0
152,150200,150400,150300.0
153,150300,150500,150400.0
154,150400,150500,150450.0
155,150300,150500,150400.0
156,150300,150500,150400.0
157,150400,150600,150500.0
158,150600,150900,150750.0
159,150900,151100,151000.0
160,150900,151000,150950.0
161,150700,151000,150850.0
162,150800,151000,150900.0
163,150900,151100,151000.0
164,151300,151500,151400.0
165,151200,151400,151300.0
166,151200,151400,151300.0
167,151200,151400,151300.0
168,151200,151500,151350.0
169,151300,151500,151400.0
170,151300,151400,151350.0
171,151500,151800,151650.0
172,151500,151700,151600.0
173,151500,151700,151600.0
174,151400,151700,151550.0
175,151500,151600,151550.0
176,151600,151700,151650.0
177,151500,151700,151600.0
178,151400,151600,151500.0
179,151400,151600,151500.0
180,151300,151500,151400.0
181,151200,151400,151300.0
182,151200,151400,151300.0
183,151200,151300,151250.0
184,151100,151300,151200.0
185,151000,151200,151100.0
186,151000,151200,151100.0
187,151000,151200,151100.0
188,151000,151100,151050.0
189,151000,151200,151100.0
190,151100,151300,151200.0
191,151100,151300,151200.0
192,151100,151300,151200.0
193,151000,151200,151100.0
194,151000,151200,151100.0
195,151000,151200,151100.0
196,151000,151200,151100.0
197,151000,151100,151050.0
198,151000,151100,151050.0
199,150900,151100,151000.0
200,150700,150900,150800.0
201,150900,151000,150950.0
202,150800,151000,150900.0
203,150800,151000,150900.0
204,150800,151000,150900.0
205,150700,150900,150800.0
206,150800,150900,150850.0
207,150800,150900,150850.0
208,150700,150800,150750.0
209,150700,150800,150750.0
210,150700,150800,150750.0
211,150700,150900,150800.0
212,150800,150900,150850.0
213,150900,151100,151000.0
214,150900,151200,151050.0
215,150900,151200,151050.0
216,150900,151100,151000.0
217,151000,151200,151100.0
218,151000,151200,151100.0
219,151100,151300,151200.0
220,151200,151400,151300.0
221,151200,151400,151300.0
222,151200,151400,151300.0
223,151200,151400,151300.0
224,151200,151400,151300.0
225,151200,151400,151300.0
226,151500,151600,151550.0
227,152000,152100,152050.0
228,151900,152000,151950.0
229,152000,152100,152050.0
230,151800,152000,151900.0
231,151800,151900,151850.0
232,151600,151800,151700.0
233,151700,151900,151800.0
234,151500,151700,151600.0
235,151500,151700,151600.0
236,151500,151700,151600.0
237,151500,151800,151650.0
238,151400,151600,151500.0
239,151200,151300,151250.0
240,151200,151400,151300.0
241,151200,151400,151300.0
242,151200,151400,151300.0
243,151300,151500,151400.0
244,151400,151500,151450.0
245,151200,151300,151250.0
246,151000,151100,151050.0
247,150900,151000,150950.0
248,151000,151200,151100.0
249,151100,151300,151200.0
250,151000,151100,151050.0
251,150900,151100,151000.0
252,151000,151100,151050.0
253,150800,150900,150850.0
254,150800,150900,150850.0
255,150700,150800,150750.0
256,150900,151000,150950.0
257,150800,151000,150900.0
258,150800,151000,150900.0
259,150600,150700,150650.0
260,150700,150900,150800.0
261,150700,150900,150800.0
262,150800,151000,150900.0
263,150800,151000,150900.0
264,150800,150900,150850.0
265,150700,150900,150800.0
266,150900,151000,150950.0
267,150800,151000,150900.0
268,150700,150900,150800.0
269,150800,151000,150900.0
270,150900,151100,151000.0
271,151100,151200,151150.0
272,150900,151200,151050.0
273,151300,151400,151350.0
274,151300,151400,151350.0
275,151300,151500,151400.0
276,151300,151500,151400.0
277,151200,151400,151300.0
278,151200,151400,151300.0
279,151200,151400,151300.0
280,151100,151300,151200.0
281,151100,151300,151200.0
282,151000,151200,151100.0
283,151200,151300,151250.0
284,151000,151200,151100.0
285,151000,151200,151100.0
286,151000,151100,151050.0
287,151000,151100,151050.0
288,150900,151100,151000.0
289,150900,151000,150950.0
290,150900,151000,150950.0
291,150800,150900,150850.0
292,150800,151000,150900.0
293,150700,150900,150800.0
294,150800,150900,150850.0
295,150900,151000,150950.0
296,150800,151000,150900.0
297,150800,151000,150900.0
298,150900,151000,150950.0
299,150900,151100,151000.0
300,151000,151200,151100.0
301,151000,151100,151050.0
302,151000,151100,151050.0
303,150900,151100,151000.0
304,151200,151300,151250.0
305,151100,151200,151150.0
306,151100,151300,151200.0
307,151100,151200,151150.0
308,151100,151200,151150.0
309,151100,151200,151150.0
310,150900,151000,150950.0
311,150900,151000,150950.0
312,150800,150900,150850.0
313,150700,150900,150800.0
314,150700,150900,150800.0
315,150800,150900,150850.0
316,150900,151000,150950.0
317,151400,151500,151450.0
318,151300,151400,151350.0
319,151300,151500,151400.0
320,151300,151400,151350.0
321,151200,151400,151300.0
322,151200,151300,151250.0
323,151200,151300,151250.0
324,151000,151200,151100.0
325,151000,151200,151100.0
326,151000,151200,151100.0
327,151000,151100,151050.0
328,151100,151200,151150.0
329,150900,151000,150950.0
330,150600,150700,150650.0
331,150400,150500,150450.0
332,150300,150500,150400.0
333,150500,150700,150600.0
334,150400,150700,150550.0
335,150600,150800,150700.0
336,150600,150800,150700.0
337,150600,150800,150700.0
338,150600,150900,150750.0
339,150600,150900,150750.0
340,150600,150800,150700.0
341,150600,150800,150700.0
342,150600,150800,150700.0
343,150600,150700,150650.0
344,150400,150600,150500.0
345,150400,150500,150450.0
346,150300,150500,150400.0
347,150300,150500,150400.0
348,150500,150700,150600.0
349,150500,150700,150600.0
350,150500,150700,150600.0
351,150500,150600,150550.0
352,150400,150500,150450.0
353,150400,150500,150450.0
354,150200,150300,150250.0
355,150200,150400,150300.0
356,150200,150400,150300.0
357,150000,150100,150050.0
358,150000,150100,150050.0
359,150000,150100,150050.0
360,150100,150200,150150.0
361,150100,150200,150150.0
362,150300,150400,150350.0
363,150300,150500,150400.0
364,150100,150300,150200.0
365,150100,150300,150200.0
366,150200,150300,150250.0
367,150100,150200,150150.0
368,150100,150300,150200.0
369,150200,150400,150300.0
370,150100,150300,150200.0
371,150200,150400,150300.0
372,150200,150400,150300.0
373,150200,150400,150300.0
374,150300,150500,150400.0
375,150300,150500,150400.0
376,150300,150500,150400.0
377,150000,150200,150100.0
378,150000,150200,150100.0
379,150100,150300,150200.0
380,150100,150300,150200.0
381,150200,150400,150300.0
382,150000,150200,150100.0
383,150200,150400,150300.0
384,150000,150200,150100.0
385,150200,150300,150250.0
386,150000,150200,150100.0
387,150000,150200,150100.0
388,149600,149800,149700.0
389,149700,149800,149750.0
390,149500,149700,149600.0
391,149600,149800,149700.0
392,149600,149800,149700.0
393,149800,150000,149900.0
394,150100,150300,150200.0
395,150000,150200,150100.0
396,150100,150300,150200.0
397,150000,150200,150100.0
398,150000,150200,150100.0
399,150000,150200,150100.0
400,149800,150000,149900.0
401,149900,150000,149950.0
402,149800,150000,149900.0
403,149900,150000,149950.0
404,149800,150100,149950.0
405,149800,150000,149900.0
406,149800,150000,149900.0
407,149800,150000,149900.0
408,149800,150000,149900.0
409,149800,150100,149950.0
410,149900,150100,150000.0
411,149900,150100,150000.0
412,149800,150000,149900.0
413,149800,149900,149850.0
414,149700,149900,149800.0
415,149700,149900,149800.0
416,149600,149700,149650.0
417,149800,150100,149950.0
418,149800,150000,149900.0
419,149700,149900,149800.0
420,149700,149900,149800.0
421,149700,150000,149850.0
422,149700,149900,149800.0
423,150000,150200,150100.0
424,149800,150100,149950.0
425,149800,150100,149950.0
426,149800,150100,149950.0
427,149800,150100,149950.0
428,150100,150200,150150.0
429,150100,150200,150150.0
430,150100,150200,150150.0
431,150100,150300,150200.0
432,150400,150500,150450.0
433,150200,150500,150350.0
434,150300,150500,150400.0
435,150400,150600,150500.0
436,150400,150600,150500.0
437,150600,150800,150700.0
438,150900,151000,150950.0
439,150800,150900,150850.0
440,150800,150900,150850.0
441,150800,150900,150850.0
442,150900,151100,151000.0
443,151000,151100,151050.0
444,150900,151000,150950.0
445,151000,151100,151050.0
446,151000,151200,151100.0
447,151100,151300,151200.0
448,151000,151200,151100.0
449,151100,151200,151150.0
450,151100,151200,151150.0
451,151100,151200,151150.0
452,151000,151100,151050.0
453,150900,151100,151000.0
454,151100,151200,151150.0
455,151000,151100,151050.0
456,151100,151300,151200.0
457,151100,151200,151150.0
458,151100,151200,151150.0
459,151400,151600,151500.0
460,151400,151500,151450.0
461,151300,151500,151400.0
462,151600,151800,151700.0
463,151700,151900,151800.0
464,151500,151700,151600.0
465,151600,151800,151700.0
466,151800,151900,151850.0
467,151600,151700,151650.0
468,151600,151700,151650.0
469,151500,151700,151600.0
470,151500,151700,151600.0
471,151400,151500,151450.0
472,151400,151600,151500.0
473,151300,151600,151450.0
474,151300,151500,151400.0
475,151300,151600,151450.0
476,151400,151500,151450.0
477,151300,151500,151400.0
478,151400,151600,151500.0
479,151800,152000,151900.0
480,151700,151900,151800.0
481,151800,151900,151850.0
482,151700,151800,151750.0
483,151800,151900,151850.0
484,151700,151900,151800.0
485,151800,151900,151850.0
486,152000,152200,152100.0
487,152000,152200,152100.0
488,152000,152100,152050.0
489,151900,152100,152000.0
490,151800,152000,151900.0
491,151600,151800,151700.0
492,151400,151700,151550.0
493,151400,151700,151550.0
494,151400,151600,151500.0
495,151100,151300,151200.0
496,151000,151200,151100.0
497,151300,151500,151400.0
498,151400,151600,151500.0
499,151600,151800,151700.0
500,152000,152200,152100.0
501,152000,152100,152050.0
502,152000,152200,152100.0
503,151900,152100,152000.0
504,151700,151900,151800.0
505,151600,151700,151650.0
506,151600,151800,151700.0
507,151500,151700,151600.0
508,151700,151900,151800.0
509,151900,152100,152000.0
510,151700,151800,151750.0
511,151900,152000,151950.0
512,151700,151900,151800.0
513,151700,151900,151800.0
514,152000,152300,152150.0
515,151900,152100,152000.0
516,152000,152300,152150.0
517,152000,152300,152150.0
518,151900,152100,152000.0
519,151900,152200,152050.0
520,152200,152400,152300.0
521,152100,152300,152200.0
522,152100,152400,152250.0
523,152100,152300,152200.0
524,152000,152200,152100.0
525,152100,152300,152200.0
526,152700,152800,152750.0
527,152800,153000,152900.0
528,152800,152900,152850.0
529,152600,152800,152700.0
530,152700,152800,152750.0
531,152800,153000,152900.0
532,152800,153000,152900.0
533,152700,152900,152800.0
534,152700,152900,152800.0
535,152500,152700,152600.0
536,152200,152300,152250.0
537,152100,152300,152200.0
538,152200,152400,152300.0
539,152000,152200,152100.0
540,152000,152100,152050.0
541,151900,152100,152000.0
542,151900,152000,151950.0
543,151900,152000,151950.0
544,151500,151700,151600.0
545,151600,151700,151650.0
546,151500,151700,151600.0
547,151600,151700,151650.0
548,151500,151600,151550.0
549,151500,151600,151550.0
550,151500,151600,151550.0
551,151300,151400,151350.0
552,151100,151300,151200.0
553,151100,151200,151150.0
554,151100,151300,151200.0
555,151000,151200,151100.0
556,150900,151100,151000.0
557,151000,151100,151050.0
558,151000,151100,151050.0
559,150900,151000,150950.0
560,151000,151100,151050.0
561,150900,151000,150950.0
562,150800,150900,150850.0
563,150800,150900,150850.0
564,150800,150900,150850.0
565,150800,151000,150900.0
566,150900,151100,151000.0
567,151100,151200,151150.0
568,151000,151200,151100.0
569,151000,151200,151100.0
570,150800,150900,150850.0
571,150800,150900,150850.0
572,150700,150900,150800.0
573,150800,150900,150850.0
574,150800,150900,150850.0
575,150700,150900,150800.0
576,150700,150900,150800.0
577,150900,151100,151000.0
578,150600,150700,150650.0
579,150500,150700,150600.0
580,150600,150700,150650.0
581,150600,150700,150650.0
582,150300,150400,150350.0
583,150200,150400,150300.0
584,150200,150400,150300.0
585,150200,150300,150250.0
586,150300,150400,150350.0
587,150200,150400,150300.0
588,150100,150300,150200.0
589,150200,150400,150300.0
590,150100,150300,150200.0
591,150100,150200,150150.0
592,150100,150300,150200.0
593,150200,150400,150300.0
594,150300,150500,150400.0
595,150400,150500,150450.0
596,150300,150500,150400.0
597,150300,150500,150400.0
598,150300,150500,150400.0
599,150300,150500,150400.0
600,150300,150500,150400.0
601,150200,150400,150300.0
602,150200,150400,150300.0
603,150000,150200,150100.0
604,149900,150000,149950.0
605,149900,150000,149950.0
606,150100,150300,150200.0
607,150200,150400,150300.0
608,150200,150400,150300.0
609,150200,150400,150300.0
610,150200,150400,150300.0
611,150200,150300,150250.0
612,150400,150500,150450.0
613,150300,150500,150400.0
614,150400,150500,150450.0
615,150400,150500,150450.0
616,150500,150600,150550.0
617,150700,150800,150750.0
618,150600,150800,150700.0
619,150700,150800,150750.0
620,150700,150800,150750.0
621,150500,150600,150550.0
622,150500,150600,150550.0
623,150500,150600,150550.0
624,150300,150400,150350.0
625,150300,150500,150400.0
626,150300,150500,150400.0
627,150400,150500,150450.0
628,150400,150600,150500.0
629,150400,150500,150450.0
630,150300,150400,150350.0
631,150100,150200,150150.0
632,150000,150100,150050.0
633,149800,150000,149900.0
634,149800,150000,149900.0
635,149800,149900,149850.0
636,149800,150000,149900.0
637,149900,150000,149950.0
638,149700,149800,149750.0
639,149700,149800,149750.0
640,149800,149900,149850.0
641,149800,149900,149850.0
642,149800,149900,149850.0
643,149800,150000,149900.0
644,149800,149900,149850.0
645,149800,149900,149850.0
646,149700,149900,149800.0
647,149700,149900,149800.0
648,149600,149800,149700.0
649,149600,149800,149700.0
650,149700,149900,149800.0
651,149600,149800,149700.0
652,149600,149700,149650.0
653,149600,149700,149650.0
654,149600,149700,149650.0
655,149700,149800,149750.0
656,149600,149700,149650.0
657,149500,149600,149550.0
658,149400,149500,149450.0
659,149200,149300,149250.0
660,149100,149200,149150.0
661,149100,149300,149200.0
662,149100,149300,149200.0
663,149100,149200,149150.0
664,149000,149200,149100.0
665,149100,149200,149150.0
666,149200,149400,149300.0
667,149000,149100,149050.0
668,148900,149100,149000.0
669,148900,149000,148950.0
670,148800,149000,148900.0
671,148700,148800,148750.0
672,148600,148800,148700.0
673,148600,148700,148650.0
674,148600,148700,148650.0
675,148500,148700,148600.0
676,148800,149000,148900.0
677,148900,149100,149000.0
678,148900,149100,149000.0
679,148900,149100,149000.0
680,149100,149200,149150.0
681,149100,149200,149150.0
682,149100,149300,149200.0
683,149100,149300,149200.0
684,149000,149200,149100.0
685,149000,149200,149100.0
686,149100,149300,149200.0
687,149100,149200,149150.0
688,149100,149300,149200.0
689,149600,149700,149650.0
690,149400,149600,149500.0
691,149500,149600,149550.0
692,149500,149700,149600.0
693,149500,149600,149550.0
694,149500,149600,149550.0
695,149500,149600,149550.0
696,149400,149600,149500.0
697,149500,149600,149550.0
698,149500,149600,149550.0
699,149700,149900,149800.0
700,149600,149700,149650.0
701,149500,149700,149600.0
702,149500,149600,149550.0
703,149400,149500,149450.0
704,149300,149400,149350.0
705,149300,149400,149350.0
706,149300,149400,149350.0
707,149300,149500,149400.0
708,149600,149700,149650.0
709,149600,149700,149650.0
710,149500,149700,149600.0
711,149500,149700,149600.0
712,149500,149700,149600.0
713,149500,149700,149600.0
714,149500,149700,149600.0
715,149600,149800,149700.0
716,149800,150000,149900.0
717,150000,150100,150050.0
718,150000,150200,150100.0
719,150000,150200,150100.0
720,150000,150200,150100.0
721,150100,150200,150150.0
722,150100,150200,150150.0
723,150000,150200,150100.0
724,150100,150300,150200.0
725,150100,150200,150150.0
726,150200,150300,150250.0
727,150100,150200,150150.0
728,150100,150300,150200.0
729,150000,150100,150050.0
730,149700,149900,149800.0
731,149700,149900,149800.0
732,149700,149800,149750.0
733,149700,149900,149800.0
734,150200,150300,150250.0
735,150100,150200,150150.0
736,150000,150200,150100.0
737,150400,150500,150450.0
738,150300,150400,150350.0
739,150200,150300,150250.0
740,150000,150100,150050.0
741,149900,150000,149950.0
742,149800,150000,149900.0
743,150000,150200,150100.0
744,150000,150200,150100.0
745,150000,150200,150100.0
746,150000,150200,150100.0
747,150100,150200,150150.0
748,150100,150300,150200.0
749,150100,150200,150150.0
750,150000,150200,150100.0
751,149900,150100,150000.0
752,149900,150000,149950.0
753,149900,150100,150000.0
754,149900,150000,149950.0
755,149700,149900,149800.0
756,149500,149600,149550.0
757,149400,149500,149450.0
758,149400,149600,149500.0
759,149400,149500,149450.0
760,149500,149600,149550.0
761,149400,149600,149500.0
762,149400,149600,149500.0
763,149300,149500,149400.0
764,149300,149500,149400.0
765,149200,149500,149350.0
766,149100,149300,149200.0
767,148800,148900,148850.0
768,148700,148800,148750.0
769,148600,148700,148650.0
770,148500,148700,148600.0
771,148400,148600,148500.0
772,148500,148600,148550.0
773,148500,148600,148550.0
774,148400,148500,148450.0
775,148400,148600,148500.0
776,148400,148600,148500.0
777,148300,148400,148350.0
778,148300,148400,148350.0
779,148300,148500,148400.0
780,148500,148600,148550.0
781,148400,148600,148500.0
782,148400,148600,148500.0
783,148400,148600,148500.0
784,148400,148600,148500.0
785,148500,148700,148600.0
786,148600,148800,148700.0
787,148700,148900,148800.0
788,148800,149000,148900.0
789,148800,148900,148850.0
790,148800,149000,148900.0
791,148700,148900,148800.0
792,148600,148800,148700.0
793,148600,148800,148700.0
794,148600,148800,148700.0
795,148500,148600,148550.0
796,148700,148900,148800.0
797,148800,148900,148850.0
798,148700,148900,148800.0
799,148700,149000,148850.0
800,148600,148700,148650.0
801,148600,148700,148650.0
802,148500,148600,148550.0
803,148500,148700,148600.0
804,148600,148700,148650.0
805,148400,148600,148500.0
806,148500,148700,148600.0
807,148600,148800,148700.0
808,148400,148500,148450.0
809,148400,148500,148450.0
810,148400,148600,148500.0
811,148500,148600,148550.0
812,148600,148800,148700.0
813,148800,148900,148850.0
814,148700,148900,148800.0
815,149000,149200,149100.0
816,149100,149200,149150.0
817,148900,149100,149000.0
818,148900,149100,149000.0
819,148900,149000,148950.0
820,148800,149000,148900.0
821,148800,148900,148850.0
822,148800,148900,148850.0
823,148800,148900,148850.0
824,148800,149000,148900.0
825,148900,149100,149000.0
826,148900,149000,148950.0
827,148700,148900,148800.0
828,148900,149000,148950.0
829,148900,149000,148950.0
830,148700,148800,148750.0
831,148700,148900,148800.0
832,148800,148900,148850.0
833,148800,148900,148850.0
834,148800,148900,148850.0
835,148800,148900,148850.0
836,148800,149000,148900.0
837,148900,149100,149000.0
838,148800,148900,148850.0
839,148800,148900,148850.0
840,148800,148900,148850.0
841,148800,149000,148900.0
842,148700,148800,148750.0
843,148700,148800,148750.0
844,148600,148800,148700.0
845,148800,148900,148850.0
846,148900,149000,148950.0
847,148900,149100,149000.0
848,149000,149100,149050.0
849,149000,149100,149050.0
850,148900,149100,149000.0
851,148900,149100,149000.0
852,149200,149400,149300.0
853,149400,149500,149450.0
854,149500,149600,149550.0
855,149500,149600,149550.0
856,149400,149600,149500.0
857,149400,149600,149500.0
858,149400,149500,149450.0
859,149500,149700,149600.0
860,149500,149700,149600.0
861,149500,149600,149550.0
862,149600,149800,149700.0
863,149700,149800,149750.0
864,149500,149700,149600.0
865,149500,149700,149600.0
866,149400,149500,149450.0
867,149300,149400,149350.0
868,149200,149400,149300.0
869,149400,149500,149450.0
870,149200,149400,149300.0
871,149300,149500,149400.0
872,149400,149600,149500.0
873,149500,149700,149600.0
874,149600,149800,149700.0
875,149600,149700,149650.0
876,149800,149900,149850.0
877,149700,149800,149750.0
878,149700,149800,149750.0
879,149800,149900,149850.0
880,149800,149900,149850.0
881,150100,150200,150150.0
882,149800,149900,149850.0
883,149700,149800,149750.0
884,149600,149800,149700.0
885,149700,149900,149800.0
886,149900,150000,149950.0
887,150100,150300,150200.0
888,150100,150200,150150.0
889,150100,150200,150150.0
890,150000,150100,150050.0
891,150000,150100,150050.0
892,150100,150200,150150.0
893,150100,150200,150150.0
894,150100,150200,150150.0
895,150300,150400,150350.0
896,150400,150500,150450.0
897,150400,150500,150450.0
898,150300,150400,150350.0
899,150300,150400,150350.0
900,150300,150400,150350.0
901,150300,150400,150350.0
902,150300,150400,150350.0
903,150200,150300,150250.0
904,150100,150300,150200.0
905,150100,150200,150150.0
906,150400,150500,150450.0
907,150300,150400,150350.0
908,150200,150300,150250.0
909,150300,150400,150350.0
910,150400,150500,150450.0
911,150400,150600,150500.0
912,150400,150500,150450.0
913,150500,150600,150550.0
914,150500,150600,150550.0
915,150500,150600,150550.0
916,150400,150500,150450.0
917,150400,150500,150450.0
918,150400,150500,150450.0
919,150400,150500,150450.0
920,150400,150500,150450.0
921,150400,150500,150450.0
922,150400,150600,150500.0
923,150400,150600,150500.0
924,150300,150400,150350.0
925,150300,150400,150350.0
926,150300,150400,150350.0
927,150300,150400,150350.0
928,150300,150400,150350.0
929,150200,150300,150250.0
930,150400,150500,150450.0
931,150400,150500,150450.0
932,150500,150600,150550.0
933,150500,150600,150550.0
934,150400,150500,150450.0
935,150400,150500,150450.0
936,150500,150600,150550.0
937,150500,150600,150550.0
938,150600,150700,150650.0
939,150500,150600,150550.0
940,150500,150600,150550.0
941,150400,150500,150450.0
942,150200,150300,150250.0
943,150100,150200,150150.0
944,150300,150400,150350.0
945,150300,150400,150350.0
946,150300,150400,150350.0
947,150300,150500,150400.0
948,150400,150500,150450.0
949,150400,150500,150450.0
950,150500,150600,150550.0
951,150600,150700,150650.0
952,150600,150700,150650.0
953,150600,150700,150650.0
954,150500,150700,150600.0
955,150600,150700,150650.0
956,150700,150800,150750.0
957,150900,151000,150950.0
958,150500,150700,150600.0
959,150600,150700,150650.0
960,150500,150600,150550.0
961,150600,150700,150650.0
962,150500,150600,150550.0
963,150500,150700,150600.0
964,150700,150800,150750.0
965,150500,150700,150600.0
966,150800,150900,150850.0
967,150900,151000,150950.0
968,150900,151100,151000.0
969,151000,151100,151050.0
970,150900,151000,150950.0
971,150900,151000,150950.0
972,150900,151000,150950.0
973,150900,151100,151000.0
974,151000,151100,151050.0
975,151100,151200,151150.0
976,151200,151300,151250.0
977,151200,151300,151250.0
978,151200,151400,151300.0
979,151200,151300,151250.0
980,151200,151300,151250.0
981,151200,151300,151250.0
982,151400,151500,151450.0
983,151300,151400,151350.0
984,151300,151400,151350.0
985,151300,151400,151350.0
986,151300,151400,151350.0
987,151200,151400,151300.0
988,151200,151400,151300.0
989,151200,151400,151300.0
990,151100,151300,151200.0
991,151200,151400,151300.0
992,151300,151400,151350.0
993,151200,151400,151300.0
994,151200,151300,151250.0
995,151000,151200,151100.0
996,151000,151100,151050.0
997,150800,150900,150850.0
998,150900,151000,150950.0
999,150900,151000,150950.0
1000,150700,150900,150800.0
1001,150600,150700,150650.0
1002,150600,150700,150650.0
1003,150700,150800,150750.0
1004,150700,150800,150750.0
1005,150700,150800,150750.0
1006,150500,150600,150550.0
1007,150500,150600,150550.0
1008,150700,150800,150750.0
1009,150500,150600,150550.0
1010,150500,150600,150550.0
1011,150200,150300,150250.0
1012,150000,150100,150050.0
1013,150100,150200,150150.0
1014,150200,150400,150300.0
1015,150100,150300,150200.0
1016,150100,150300,150200.0
1017,150200,150300,150250.0
1018,150200,150300,150250.0
1019,150300,150400,150350.0
1020,150400,150600,150500.0
1021,150300,150500,150400.0
1022,150300,150500,150400.0
1023,150300,150400,150350.0
1024,150200,150400,150300.0
1025,150300,150500,150400.0
1026,150300,150500,150400.0
1027,150200,150400,150300.0
1028,150300,150500,150400.0
1029,150400,150600,150500.0
1030,150600,150800,150700.0
1031,150700,150800,150750.0
1032,150700,150900,150800.0
1033,150700,150800,150750.0
1034,150700,150900,150800.0
1035,150700,150900,150800.0
1036,150500,150700,150600.0
1037,150500,150700,150600.0
1038,150500,150700,150600.0
1039,150300,150500,150400.0
1040,150400,150500,150450.0
1041,150400,150500,150450.0
1042,150400,150500,150450.0
1043,150600,150700,150650.0
1044,150600,150800,150700.0
1045,150400,150500,150450.0
1046,150500,150600,150550.0
1047,150500,150600,150550.0
1048,150500,150600,150550.0
1049,150400,150600,150500.0
1050,150500,150600,150550.0
1051,150400,150600,150500.0
1052,150200,150300,150250.0
1053,150100,150200,150150.0
1054,150100,150300,150200.0
1055,150000,150200,150100.0
1056,150000,150200,150100.0
1057,150000,150200,150100.0
1058,150300,150400,150350.0
1059,150100,150300,150200.0
1060,150300,150500,150400.0
1061,150400,150500,150450.0
1062,150600,150800,150700.0
1063,150700,150900,150800.0
1064,150700,150900,150800.0
1065,150700,150900,150800.0
1066,150700,150900,150800.0
1067,150600,150800,150700.0
1068,150600,150700,150650.0
1069,150600,150800,150700.0
1070,150600,150700,150650.0
1071,150600,150700,150650.0
1072,150400,150500,150450.0
1073,150400,150500,150450.0
1074,150600,150800,150700.0
1075,150600,150800,150700.0
1076,150500,150600,150550.0
1077,150600,150700,150650.0
1078,150600,150700,150650.0
1079,150600,150700,150650.0
1080,150400,150500,150450.0
1081,150400,150500,150450.0
1082,150400,150500,150450.0
1083,150300,150500,150400.0
1084,150300,150400,150350.0
1085,150200,150300,150250.0
1086,150200,150300,150250.0
1087,150200,150300,150250.0
1088,150200,150400,150300.0
1089,150200,150300,150250.0
1090,150300,150400,150350.0
1091,150300,150400,150350.0
1092,150300,150400,150350.0
1093,150300,150400,150350.0
1094,150500,150600,150550.0
1095,150500,150600,150550.0
1096,150500,150600,150550.0
1097,150600,150700,150650.0
1098,150600,150700,150650.0
1099,150900,151000,150950.0
1100,151000,151100,151050.0
1101,151100,151300,151200.0
1102,151200,151300,151250.0
1103,151200,151300,151250.0
1104,151000,151200,151100.0
1105,150900,151100,151000.0
1106,150900,151000,150950.0
1107,151000,151100,151050.0
1108,151000,151100,151050.0
1109,151000,151100,151050.0
1110,151000,151100,151050.0
1111,150900,151000,150950.0
1112,150800,150900,150850.0
1113,150700,150900,150800.0
1114,150700,150800,150750.0
1115,150800,150900,150850.0
1116,150800,150900,150850.0
1117,150800,150900,150850.0
1118,150800,150900,150850.0
1119,150900,151000,150950.0
1120,150900,151000,150950.0
1121,150600,150700,150650.0
1122,150500,150600,150550.0
1123,150500,150700,150600.0
1124,150600,150700,150650.0
1125,150800,150900,150850.0
1126,150700,150800,150750.0
1127,150700,150900,150800.0
1128,150800,151000,150900.0
1129,151000,151200,151100.0
1130,151000,151200,151100.0
1131,150900,151000,150950.0
1132,150900,151000,150950.0
1133,150800,151000,150900.0
1134,150800,151000,150900.0
1135,150700,150900,150800.0
1136,150800,150900,150850.0
1137,150800,150900,150850.0
1138,150800,150900,150850.0
1139,150700,150800,150750.0
1140,150500,150700,150600.0
1141,150200,150300,150250.0
1142,150200,150300,150250.0
1143,150100,150300,150200.0
1144,150100,150300,150200.0
1145,150100,150300,150200.0
1146,150100,150300,150200.0
1147,150100,150300,150200.0
1148,150200,150400,150300.0
1149,150400,150600,150500.0
1150,150300,150500,150400.0
1151,150300,150500,150400.0
1152,150300,150500,150400.0
1153,150400,150500,150450.0
1154,150300,150500,150400.0
1155,150700,150800,150750.0
1156,150700,150800,150750.0
1157,150700,150800,150750.0
1158,150700,150800,150750.0
1159,150700,150800,150750.0
1160,150500,150700,150600.0
1161,150500,150700,150600.0
1162,150500,150600,150550.0
1163,150500,150600,150550.0
1164,150400,150600,150500.0
1165,150400,150600,150500.0
1166,150600,150800,150700.0
1167,150600,150800,150700.0
1168,150600,150700,150650.0
1169,150500,150700,150600.0
1170,150400,150500,150450.0
1171,150400,150500,150450.0
1172,150400,150500,150450.0
1173,150400,150500,150450.0
1174,150400,150500,150450.0
1175,150400,150500,150450.0
1176,150100,150300,150200.0
1177,150200,150400,150300.0
1178,150300,150500,150400.0
1179,150500,150700,150600.0
1180,150300,150500,150400.0
1181,150500,150700,150600.0
1182,150600,150800,150700.0
1183,150600,150700,150650.0
1184,150600,150700,150650.0
1185,150600,150800,150700.0
1186,150700,150900,150800.0
1187,150700,150900,150800.0
1188,150600,150700,150650.0
1189,150600,150800,150700.0
1190,150600,150700,150650.0
1191,150700,150900,150800.0
1192,150600,150800,150700.0
1193,150800,151000,150900.0
1194,150800,151000,150900.0
1195,150800,150900,150850.0
1196,150800,150900,150850.0
1197,150800,150900,150850.0
1198,150800,150900,150850.0
1199,150800,150900,150850.0
1200,150800,150900,150850.0
1201,150700,150900,150800.0
1202,150700,150900,150800.0
1203,150600,150700,150650.0
1204,150700,150900,150800.0
1205,150600,150700,150650.0
1206,150600,150800,150700.0
1207,150800,151000,150900.0
1208,151000,151200,151100.0
1209,151000,151100,151050.0
1210,151000,151100,151050.0
1211,151000,151200,151100.0
1212,151000,151100,151050.0
1213,151100,151200,151150.0
1214,151200,151400,151300.0
1215,151200,151300,151250.0
1216,151300,151500,151400.0
1217,151400,151500,151450.0
1218,151300,151400,151350.0
1219,151400,151500,151450.0
1220,151400,151500,151450.0
1221,151200,151400,151300.0
1222,151200,151300,151250.0
1223,151000,151100,151050.0
1224,151000,151200,151100.0
1225,150900,151100,151000.0
1226,150800,150900,150850.0
1227,150800,151000,150900.0
1228,150500,150600,150550.0
1229,150600,150800,150700.0
1230,150400,150600,150500.0
1231,150500,150700,150600.0
1232,150600,150800,150700.0
1233,150400,150600,150500.0
1234,150500,150700,150600.0
1235,150600,150700,150650.0
1236,150600,150700,150650.0
1237,150400,150700,150550.0
1238,150200,150400,150300.0
1239,150200,150300,150250.0
1240,150200,150300,150250.0
1241,150100,150200,150150.0
1242,150100,150300,150200.0
1243,150200,150300,150250.0
1244,150200,150300,150250.0
1245,150200,150300,150250.0
1246,150200,150300,150250.0
1247,150100,150300,150200.0
1248,150100,150300,150200.0
1249,150100,150300,150200.0
1250,150300,150500,150400.0
1251,150200,150400,150300.0
1252,150200,150400,150300.0
1253,150200,150300,150250.0
1254,150200,150300,150250.0
1255,150200,150400,150300.0
1256,150100,150200,150150.0
1257,150200,150400,150300.0
1258,150200,150300,150250.0
1259,150100,150300,150200.0
1260,150200,150300,150250.0
1261,150200,150300,150250.0
1262,150100,150200,150150.0
1263,150000,150100,150050.0
1264,150000,150100,150050.0
1265,150000,150200,150100.0
1266,150000,150100,150050.0
1267,150000,150100,150050.0
1268,150100,150200,150150.0
1269,150100,150200,150150.0
1270,150100,150200,150150.0
1271,150000,150200,150100.0
1272,150000,150100,150050.0
1273,150000,150100,150050.0
1274,150300,150400,150350.0
1275,150300,150400,150350.0
1276,150300,150400,150350.0
1277,150300,150400,150350.0
1278,150300,150400,150350.0
1279,150400,150500,150450.0
1280,150400,150500,150450.0
1281,150400,150500,150450.0
1282,150500,150600,150550.0
1283,150400,150600,150500.0
1284,150500,150600,150550.0
1285,150400,150500,150450.0
1286,150300,150400,150350.0
1287,150300,150400,150350.0
1288,150200,150400,150300.0
1289,150200,150300,150250.0
1290,149900,150100,150000.0
1291,149900,150100,150000.0
1292,150200,150400,150300.0
1293,150000,150100,150050.0
1294,150100,150200,150150.0
1295,150200,150300,150250.0
1296,150200,150300,150250.0
1297,150200,150300,150250.0
1298,150200,150300,150250.0
1299,150200,150400,150300.0
1300,150200,150400,150300.0
1301,150100,150300,150200.0
1302,150200,150300,150250.0
1303,150100,150300,150200.0
1304,150100,150200,150150.0
1305,150100,150200,150150.0
1306,150100,150300,150200.0
1307,149800,149900,149850.0
1308,149700,149800,149750.0
1309,149600,149800,149700.0
1310,149600,149800,149700.0
1311,149300,149400,149350.0
1312,149300,149400,149350.0
1313,149300,149400,149350.0
1314,149300,149400,149350.0
1315,149400,149500,149450.0
1316,149400,149500,149450.0
1317,149400,149500,149450.0
1318,149400,149500,149450.0
1319,149400,149500,149450.0
1320,149400,149500,149450.0
1321,149500,149600,149550.0
1322,149100,149200,149150.0
1323,149100,149300,149200.0
1324,149100,149300,149200.0
1325,149100,149200,149150.0
1326,149100,149300,149200.0
1327,149100,149200,149150.0
1328,149100,149200,149150.0
1329,149100,149300,149200.0
1330,149100,149300,149200.0
1331,149100,149300,149200.0
1332,148800,149000,148900.0
1333,148800,148900,148850.0
1334,148800,149000,148900.0
1335,148900,149000,148950.0
1336,148900,149000,148950.0
1337,149200,149300,149250.0
1338,149100,149300,149200.0
1339,149000,149100,149050.0
1340,149000,149100,149050.0
1341,148500,148600,148550.0
1342,148600,148700,148650.0
1343,148600,148700,148650.0
1344,148700,148800,148750.0
1345,148600,148800,148700.0
1346,148700,148800,148750.0
1347,148800,148900,148850.0
1348,148800,148900,148850.0
1349,148800,148900,148850.0
1350,148700,148900,148800.0
1351,148700,148900,148800.0
1352,148800,149000,148900.0
1353,148900,149000,148950.0
1354,148700,148900,148800.0
1355,148800,149000,148900.0
1356,148800,149000,148900.0
1357,148800,148900,148850.0
1358,148900,149000,148950.0
1359,148800,149000,148900.0
1360,148800,148900,148850.0
1361,148600,148700,148650.0
1362,148600,148700,148650.0
1363,148600,148700,148650.0
1364,148800,148900,148850.0
1365,148800,149000,148900.0
1366,148900,149000,148950.0
1367,148900,149100,149000.0
1368,149200,149300,149250.0
1369,149200,149400,149300.0
1370,149200,149400,149300.0
1371,149300,149400,149350.0
1372,149300,149400,149350.0
1373,149200,149300,149250.0
1374,149200,149400,149300.0
1375,149200,149400,149300.0
1376,149300,149400,149350.0
1377,149200,149300,149250.0
1378,149000,149200,149100.0
1379,149000,149200,149100.0
1380,148900,149100,149000.0
1381,148900,149100,149000.0
1382,149000,149100,149050.0
1383,149000,149100,149050.0
1384,148900,149000,148950.0
1385,148800,148900,148850.0
1386,148800,149000,148900.0
1387,148800,148900,148850.0
1388,148800,148900,148850.0
1389,148600,148700,148650.0
1390,148500,148600,148550.0
1391,148500,148600,148550.0
1392,148600,148700,148650.0
1393,148700,148900,148800.0
1394,148800,148900,148850.0
1395,148800,148900,148850.0
1396,148900,149100,149000.0
1397,148900,149100,149000.0
1398,148900,149100,149000.0
1399,148900,149100,149000.0
1400,149100,149200,149150.0
1401,149000,149100,149050.0
1402,148900,149100,149000.0
1403,149000,149100,149050.0
1404,149100,149300,149200.0
1405,149200,149400,149300.0
1406,149100,149300,149200.0
1407,149100,149300,149200.0
1408,149100,149300,149200.0
1409,149100,149300,149200.0
1410,149200,149300,149250.0
1411,149200,149300,149250.0
1412,149200,149300,149250.0
1413,149300,149500,149400.0
1414,149300,149500,149400.0
1415,149300,149500,149400.0
1416,149200,149400,149300.0
1417,149100,149300,149200.0
1418,149100,149300,149200.0
1419,149000,149200,149100.0
1420,149000,149200,149100.0
1421,149000,149200,149100.0
1422,149200,149400,149300.0
1423,149300,149500,149400.0
1424,149400,149600,149500.0
1425,149300,149500,149400.0
1426,149200,149400,149300.0
1427,149200,149400,149300.0
1428,149200,149300,149250.0
1429,149000,149200,149100.0
1430,148800,148900,148850.0
1431,148800,148900,148850.0
1432,148800,148900,148850.0
1433,148700,148900,148800.0
1434,148700,148900,148800.0
1435,149000,149100,149050.0
1436,149100,149300,149200.0
1437,148900,149100,149000.0
1438,149000,149100,149050.0
1439,148600,148800,148700.0
1440,148400,148600,148500.0
1441,148400,148600,148500.0
1442,148400,148500,148450.0
1443,148200,148300,148250.0
1444,148000,148200,148100.0
1445,148100,148300,148200.0
1446,148100,148300,148200.0
1447,148200,148400,148300.0
1448,148300,148500,148400.0
1449,148300,148400,148350.0
1450,148300,148400,148350.0
1451,148300,148500,148400.0
1452,148200,148400,148300.0
1453,148000,148100,148050.0
1454,148000,148100,148050.0
1455,147900,148000,147950.0
1456,148100,148300,148200.0
1457,148100,148200,148150.0
1458,148200,148300,148250.0
1459,148200,148400,148300.0
1460,147900,148000,147950.0
1461,147700,147900,147800.0
1462,147700,147800,147750.0
1463,148000,148100,148050.0
1464,147900,148100,148000.0
1465,148300,148500,148400.0
1466,148300,148500,148400.0
1467,148200,148400,148300.0
1468,148200,148400,148300.0
1469,148100,148300,148200.0
1470,147900,148200,148050.0
1471,148000,148200,148100.0
1472,148000,148200,148100.0
1473,147900,148000,147950.0
1474,147700,147800,147750.0
1475,147700,147800,147750.0
1476,147500,147700,147600.0
1477,147600,147700,147650.0
1478,147800,148000,147900.0
1479,147800,148000,147900.0
1480,147800,147900,147850.0
1481,147900,148100,148000.0
1482,147900,148000,147950.0
1483,147800,147900,147850.0
1484,147800,147900,147850.0
1485,147600,147800,147700.0
1486,147800,147900,147850.0
1487,147600,147800,147700.0
1488,147600,147700,147650.0
1489,147500,147700,147600.0
1490,147900,148000,147950.0
1491,147800,148000,147900.0
1492,147800,148000,147900.0
1493,147700,147800,147750.0
1494,147700,147800,147750.0
1495,147700,147800,147750.0
1496,147500,147600,147550.0
1497,147500,147600,147550.0
1498,147400,147500,147450.0
1499,147400,147500,147450.0
1500,147300,147500,147400.0
1501,147400,147600,147500.0
1502,147100,147200,147150.0
1503,146700,146800,146750.0
1504,146800,146900,146850.0
1505,146800,147000,146900.0
1506,146700,146900,146800.0
1507,146900,147000,146950.0
1508,147000,147200,147100.0
1509,147100,147200,147150.0
1510,147100,147200,147150.0
1511,146900,147000,146950.0
1512,147000,147100,147050.0
1513,147000,147200,147100.0
1514,147000,147200,147100.0
1515,147400,147600,147500.0
1516,147400,147600,147500.0
1517,147400,147600,147500.0
1518,147400,147600,147500.0
1519,147400,147600,147500.0
1520,147400,147500,147450.0
1521,147500,147700,147600.0
1522,147700,147900,147800.0
1523,147500,147700,147600.0
1524,147200,147300,147250.0
1525,147200,147300,147250.0
1526,147100,147200,147150.0
1527,147200,147300,147250.0
1528,147100,147200,147150.0
1529,146800,146900,146850.0
1530,146900,147100,147000.0
1531,146900,147000,146950.0
1532,146600,146800,146700.0
1533,146300,146500,146400.0
1534,146400,146500,146450.0
1535,146400,146500,146450.0
1536,146600,146700,146650.0
1537,146500,146700,146600.0
1538,146500,146700,146600.0
1539,146600,146700,146650.0
1540,146600,146700,146650.0
1541,146500,146700,146600.0
1542,146300,146400,146350.0
1543,146300,146400,146350.0
1544,146400,146500,146450.0
1545,146300,146500,146400.0
1546,146100,146200,146150.0
1547,145800,146000,145900.0
1548,145800,146000,145900.0
1549,145600,145800,145700.0
1550,145600,145800,145700.0
1551,145700,145800,145750.0
1552,145700,146000,145850.0
1553,145800,146000,145900.0
1554,146000,146200,146100.0
1555,146000,146200,146100.0
1556,146100,146200,146150.0
1557,146100,146200,146150.0
1558,146000,146100,146050.0
1559,145800,145900,145850.0
1560,145800,146000,145900.0
1561,145900,146100,146000.0
1562,145900,146100,146000.0
1563,146100,146200,146150.0
1564,146000,146100,146050.0
1565,146100,146200,146150.0
1566,146100,146200,146150.0
1567,146100,146200,146150.0
1568,146100,146200,146150.0
1569,146100,146200,146150.0
1570,146000,146100,146050.0
1571,146100,146300,146200.0
1572,146000,146200,146100.0
1573,145900,146000,145950.0
1574,145700,145900,145800.0
1575,145700,145900,145800.0
1576,145700,145900,145800.0
1577,145900,146000,145950.0
1578,145900,146100,146000.0
1579,146000,146100,146050.0
1580,146200,146300,146250.0
1581,146400,146600,146500.0
1582,146400,146500,146450.0
1583,146400,146600,146500.0
1584,146300,146500,146400.0
1585,146400,146500,146450.0
1586,146200,146300,146250.0
1587,146200,146400,146300.0
1588,146400,146500,146450.0
1589,146400,146500,146450.0
1590,146300,146400,146350.0
1591,146300,146400,146350.0
1592,146200,146400,146300.0
1593,145900,146100,146000.0
1594,145800,146000,145900.0
1595,145900,146100,146000.0
1596,145900,146000,145950.0
1597,145900,146000,145950.0
1598,145700,145900,145800.0
1599,145700,145800,145750.0
1600,145700,145800,145750.0
1601,145700,145900,145800.0
1602,145900,146000,145950.0
1603,145800,146000,145900.0
1604,146000,146200,146100.0
1605,145800,146000,145900.0
1606,145800,146000,145900.0
1607,146000,146100,146050.0
1608,146100,146200,146150.0
1609,145900,146000,145950.0
1610,145900,146000,145950.0
1611,145900,146000,145950.0
1612,145700,145800,145750.0
1613,145900,146100,146000.0
1614,146000,146100,146050.0
1615,145900,146100,146000.0
1616,145900,146000,145950.0
1617,145800,145900,145850.0
1618,145800,145900,145850.0
1619,145600,145700,145650.0
1620,145300,145400,145350.0
1621,145300,145400,145350.0
1622,145400,145500,145450.0
1623,145400,145500,145450.0
1624,145200,145300,145250.0
1625,145200,145300,145250.0
1626,145500,145600,145550.0
1627,145500,145700,145600.0
1628,145500,145700,145600.0
1629,145700,145900,145800.0
1630,145800,146000,145900.0
1631,145700,145800,145750.0
1632,145700,145900,145800.0
1633,145700,145800,145750.0
1634,145700,145800,145750.0
1635,145600,145700,145650.0
1636,145600,145800,145700.0
1637,145600,145800,145700.0
1638,145600,145700,145650.0
1639,145600,145800,145700.0
1640,145700,145800,145750.0
1641,145800,146000,145900.0
1642,145800,146000,145900.0
1643,145700,145800,145750.0
1644,145700,145800,145750.0
1645,145700,145900,145800.0
1646,145800,146000,145900.0
1647,145900,146100,146000.0
1648,145900,146000,145950.0
1649,146000,146100,146050.0
1650,145900,146000,145950.0
1651,145800,145900,145850.0
1652,145800,145900,145850.0
1653,145800,146000,145900.0
1654,145900,146000,145950.0
1655,145900,146000,145950.0
1656,146000,146200,146100.0
1657,145900,146100,146000.0
1658,145900,146100,146000.0
1659,146100,146200,146150.0
1660,146100,146300,146200.0
1661,146100,146300,146200.0
1662,146100,146300,146200.0
1663,146400,146500,146450.0
1664,146300,146500,146400.0
1665,146300,146500,146400.0
1666,146400,146500,146450.0
1667,146400,146500,146450.0
1668,146300,146500,146400.0
1669,146300,146500,146400.0
1670,146300,146500,146400.0
1671,146300,146500,146400.0
1672,146400,146600,146500.0
1673,146400,146600,146500.0
1674,146400,146600,146500.0
1675,146500,146700,146600.0
1676,146700,146800,146750.0
1677,146700,146900,146800.0
1678,146600,146700,146650.0
1679,146600,146700,146650.0
1680,146500,146700,146600.0
1681,147000,147100,147050.0
1682,146900,147000,146950.0
1683,146900,147100,147000.0
1684,146900,147100,147000.0
1685,146800,147000,146900.0
1686,146800,147000,146900.0
1687,146800,147000,146900.0
1688,146900,147000,146950.0
1689,147100,147300,147200.0
1690,146900,147100,147000.0
1691,146800,147000,146900.0
1692,146700,146900,146800.0
1693,146900,147000,146950.0
1694,146700,146900,146800.0
1695,146700,146900,146800.0
1696,147000,147200,147100.0
1697,147000,147100,147050.0
1698,146800,146900,146850.0
1699,146800,147000,146900.0
1700,146800,147000,146900.0
1701,146900,147100,147000.0
1702,146900,147100,147000.0
1703,146800,147000,146900.0
1704,146600,146800,146700.0
1705,146600,146700,146650.0
1706,146400,146600,146500.0
1707,146500,146600,146550.0
1708,146500,146600,146550.0
1709,146200,146300,146250.0
1710,146000,146200,146100.0
1711,146100,146300,146200.0
1712,146100,146300,146200.0
1713,146100,146300,146200.0
1714,146100,146300,146200.0
1715,145900,146100,146000.0
1716,146000,146200,146100.0
1717,146000,146200,146100.0
1718,145900,146100,146000.0
1719,145800,146000,145900.0
1720,145800,146000,145900.0
1721,145700,145900,145800.0
1722,145600,145800,145700.0
1723,145700,145900,145800.0
1724,145700,145900,145800.0
1725,145700,145800,145750.0
1726,145800,145900,145850.0
1727,145900,146100,146000.0
1728,145900,146100,146000.0
1729,146100,146200,146150.0
1730,146000,146100,146050.0
1731,145900,146100,146000.0
1732,145900,146100,146000.0
1733,145900,146000,145950.0
1734,145800,146000,145900.0
1735,145900,146100,146000.0
1736,145800,146000,145900.0
1737,145900,146000,145950.0
1738,145800,146000,145900.0
1739,146100,146300,146200.0
1740,146100,146300,146200.0
1741,146100,146300,146200.0
1742,146100,146300,146200.0
1743,146100,146300,146200.0
1744,146100,146300,146200.0
1745,146100,146300,146200.0
1746,146200,146400,146300.0
1747,146100,146300,146200.0
1748,145900,146000,145950.0
1749,146000,146100,146050.0
1750,145700,145900,145800.0
1751,145700,145800,145750.0
1752,145700,146000,145850.0
1753,145800,146000,145900.0
1754,145700,145900,145800.0
1755,145700,145900,145800.0
1756,146000,146200,146100.0
1757,145800,146000,145900.0
1758,146000,146200,146100.0
1759,146100,146200,146150.0
1760,145800,146000,145900.0
1761,145900,146000,145950.0
1762,145700,145800,145750.0
1763,145700,145900,145800.0
1764,145700,145800,145750.0
1765,145400,145500,145450.0
1766,145400,145500,145450.0
1767,145400,145600,145500.0
1768,145400,145600,145500.0
1769,145300,145400,145350.0
1770,145000,145200,145100.0
1771,145200,145300,145250.0
1772,145200,145400,145300.0
1773,145100,145300,145200.0
1774,145000,145100,145050.0
1775,145100,145300,145200.0
1776,144900,145000,144950.0
1777,144900,145100,145000.0
1778,144900,145000,144950.0
1779,145000,145100,145050.0
1780,144900,145000,144950.0
1781,144900,145000,144950.0
1782,145000,145200,145100.0
1783,145000,145200,145100.0
1784,145100,145300,145200.0
1785,145200,145300,145250.0
1786,145400,145500,145450.0
1787,145300,145400,145350.0
1788,145300,145400,145350.0
1789,145100,145200,145150.0
1790,145100,145200,145150.0
1791,145000,145200,145100.0
1792,145100,145200,145150.0
1793,145000,145200,145100.0
1794,144900,145100,145000.0
1795,144900,145100,145000.0
1796,144900,145000,144950.0
1797,144900,145100,145000.0
1798,144900,145100,145000.0
1799,144900,145100,145000.0
1800,144800,144900,144850.0
1801,144400,144600,144500.0
1802,144400,144600,144500.0
1803,144400,144600,144500.0
1804,144000,144100,144050.0
1805,143900,144100,144000.0
1806,143900,144000,143950.0
1807,143800,144000,143900.0
1808,143800,144000,143900.0
1809,144000,144200,144100.0
1810,144100,144300,144200.0
1811,144100,144300,144200.0
1812,144300,144400,144350.0
1813,144400,144600,144500.0
1814,144400,144600,144500.0
1815,144400,144500,144450.0
1816,144400,144600,144500.0
1817,144400,144500,144450.0
1818,144300,144400,144350.0
1819,144400,144500,144450.0
1820,144300,144400,144350.0
1821,144200,144400,144300.0
1822,144300,144400,144350.0
1823,144300,144400,144350.0
1824,144200,144400,144300.0
1825,144500,144700,144600.0
1826,145200,145300,145250.0
1827,145300,145400,145350.0
1828,145500,145600,145550.0
1829,145400,145500,145450.0
1830,145400,145500,145450.0
1831,145400,145600,145500.0
1832,145500,145600,145550.0
1833,145400,145600,145500.0
1834,145400,145600,145500.0
1835,145400,145600,145500.0
1836,145500,145700,145600.0
1837,145700,145800,145750.0
1838,145800,145900,145850.0
1839,145700,145800,145750.0
1840,145600,145800,145700.0
1841,145500,145600,145550.0
1842,145500,145600,145550.0
1843,145400,145600,145500.0
1844,145400,145600,145500.0
1845,145500,145700,145600.0
1846,145400,145600,145500.0
1847,145400,145600,145500.0
1848,145400,145500,145450.0
1849,145400,145500,145450.0
1850,145300,145400,145350.0
1851,145400,145500,145450.0
1852,145300,145500,145400.0
1853,145300,145500,145400.0
1854,145300,145500,145400.0
1855,145400,145500,145450.0
1856,145600,145700,145650.0
1857,145400,145500,145450.0
1858,145500,145600,145550.0
1859,145400,145600,145500.0
1860,145600,145700,145650.0
1861,145200,145300,145250.0
1862,145300,145400,145350.0
1863,145300,145500,145400.0
1864,145300,145500,145400.0
1865,145200,145400,145300.0
1866,145300,145500,145400.0
1867,145300,145500,145400.0
1868,145000,145200,145100.0
1869,145000,145200,145100.0
1870,145300,145500,145400.0
1871,145300,145400,145350.0
1872,145300,145500,145400.0
1873,145200,145400,145300.0
1874,145300,145500,145400.0
1875,145400,145600,145500.0
1876,145400,145600,145500.0
1877,145300,145600,145450.0
1878,145300,145500,145400.0
1879,145500,145600,145550.0
1880,145400,145600,145500.0
1881,145400,145600,145500.0
1882,145600,145700,145650.0
1883,145500,145700,145600.0
1884,145500,145600,145550.0
1885,145400,145600,145500.0
1886,145400,145500,145450.0
1887,145500,145700,145600.0
1888,145500,145600,145550.0
1889,145500,145600,145550.0
1890,145500,145600,145550.0
1891,145400,145600,145500.0
1892,145500,145700,145600.0
1893,145600,145700,145650.0
1894,145600,145800,145700.0
1895,145300,145500,145400.0
1896,145200,145400,145300.0
1897,145300,145400,145350.0
1898,145400,145500,145450.0
1899,145500,145600,145550.0
1900,145500,145600,145550.0
1901,145500,145700,145600.0
1902,145600,145700,145650.0
1903,145600,145800,145700.0
1904,145500,145700,145600.0
1905,145500,145600,145550.0
1906,145600,145800,145700.0
1907,145600,145800,145700.0
1908,145600,145800,145700.0
1909,145500,145600,145550.0
1910,145600,145700,145650.0
1911,145800,145900,145850.0
1912,145700,145900,145800.0
1913,145700,145800,145750.0
1914,145800,145900,145850.0
1915,145700,146000,145850.0
1916,145700,145900,145800.0
1917,145900,146100,146000.0
1918,145900,146100,146000.0
1919,145900,146100,146000.0
1920,145700,145900,145800.0
1921,145700,145900,145800.0
1922,145700,145900,145800.0
1923,145700,145900,145800.0
1924,145600,145800,145700.0
1925,145600,145800,145700.0
1926,145600,145800,145700.0
1927,145600,145800,145700.0
1928,145500,145700,145600.0
1929,145400,145600,145500.0
1930,145400,145700,145550.0
1931,145400,145500,145450.0
1932,145300,145500,145400.0
1933,145400,145600,145500.0
1934,145300,145400,145350.0
1935,145000,145200,145100.0
1936,145100,145300,145200.0
1937,145100,145300,145200.0
1938,145100,145300,145200.0
1939,145100,145200,145150.0
1940,144800,145000,144900.0
1941,144700,144900,144800.0
1942,144500,144700,144600.0
1943,144500,144700,144600.0
1944,144400,144600,144500.0
1945,144000,144100,144050.0
1946,144000,144100,144050.0
1947,144000,144100,144050.0
1948,143800,144000,143900.0
1949,143800,143900,143850.0
1950,143900,144100,144000.0
1951,143900,144000,143950.0
1952,144100,144300,144200.0
1953,144100,144200,144150.0
1954,144000,144200,144100.0
1955,144000,144200,144100.0
1956,144000,144200,144100.0
1957,144100,144300,144200.0
1958,144300,144500,144400.0
1959,144300,144500,144400.0
1960,144400,144600,144500.0
1961,144300,144500,144400.0
1962,144500,144600,144550.0
1963,144400,144600,144500.0
1964,144500,144600,144550.0
1965,144600,144700,144650.0
1966,144600,144800,144700.0
1967,144600,144700,144650.0
1968,144200,144400,144300.0
1969,144400,144600,144500.0
1970,144500,144600,144550.0
1971,144400,144600,144500.0
1972,144400,144600,144500.0
1973,144500,144600,144550.0
1974,144400,144500,144450.0
1975,144300,144500,144400.0
1976,144500,144600,144550.0
1977,144700,144800,144750.0
1978,144100,144300,144200.0
1979,144000,144100,144050.0
1980,144000,144200,144100.0
1981,144000,144200,144100.0
1982,144000,144100,144050.0
1983,143700,143800,143750.0
1984,143500,143600,143550.0
1985,143400,143600,143500.0
1986,143600,143700,143650.0
1987,143500,143700,143600.0
1988,143700,143900,143800.0
1989,143700,143800,143750.0
1990,143600,143700,143650.0
1991,143700,143900,143800.0
1992,143800,144000,143900.0
1993,143600,143800,143700.0
1994,143400,143600,143500.0
1995,143400,143500,143450.0
1996,143400,143500,143450.0
1997,143400,143500,143450.0
1998,143400,143600,143500.0
1999,143400,143500,143450.0
2000,143300,143500,143400.0
2001,143400,143600,143500.0
2002,143400,143500,143450.0
2003,143700,143800,143750.0
2004,143600,143700,143650.0
2005,143700,143800,143750.0
2006,143600,143700,143650.0
2007,143700,143800,143750.0
2008,143600,143800,143700.0
2009,143700,143800,143750.0
2010,143800,143900,143850.0
2011,143800,143900,143850.0
2012,143800,143900,143850.0
2013,143800,143900,143850.0
2014,143900,144000,143950.0
2015,143800,144000,143900.0
2016,143800,144000,143900.0
2017,143700,143900,143800.0
2018,143800,143900,143850.0
2019,143800,144000,143900.0
2020,143900,144000,143950.0
2021,144000,144100,144050.0
2022,144000,144200,144100.0
2023,144000,144200,144100.0
2024,144000,144200,144100.0
2025,144100,144300,144200.0
2026,144200,144300,144250.0
2027,144200,144400,144300.0
2028,144200,144400,144300.0
2029,144200,144400,144300.0
2030,144200,144300,144250.0
2031,144300,144400,144350.0
2032,144200,144400,144300.0
2033,144300,144400,144350.0
2034,144300,144400,144350.0
2035,144300,144400,144350.0
2036,144100,144200,144150.0
2037,144200,144300,144250.0
2038,144200,144300,144250.0
2039,144400,144500,144450.0
2040,144400,144500,144450.0
2041,144600,144800,144700.0
2042,144400,144500,144450.0
2043,144400,144500,144450.0
2044,144400,144600,144500.0
2045,144400,144500,144450.0
2046,144400,144600,144500.0
2047,144500,144600,144550.0
2048,144500,144600,144550.0
2049,144400,144500,144450.0
2050,144300,144500,144400.0
2051,144400,144500,144450.0
2052,144500,144600,144550.0
2053,144300,144500,144400.0
2054,144200,144400,144300.0
2055,144400,144600,144500.0
2056,144400,144600,144500.0
2057,144300,144500,144400.0
2058,144400,144600,144500.0
2059,144400,144600,144500.0
2060,144500,144600,144550.0
2061,144500,144600,144550.0
2062,144300,144500,144400.0
2063,144300,144500,144400.0
2064,144300,144500,144400.0
2065,144300,144500,144400.0
2066,144500,144700,144600.0
2067,144500,144700,144600.0
2068,144600,144700,144650.0
2069,144700,144800,144750.0
2070,144800,144900,144850.0
2071,144800,144900,144850.0
2072,144800,144900,144850.0
2073,144800,144900,144850.0
2074,144800,144900,144850.0
2075,144800,144900,144850.0
2076,144700,144900,144800.0
2077,144600,144700,144650.0
2078,144500,144700,144600.0
2079,144600,144700,144650.0
2080,144600,144800,144700.0
2081,144600,144700,144650.0
2082,144500,144600,144550.0
2083,144500,144600,144550.0
2084,144500,144600,144550.0
2085,144600,144700,144650.0
2086,144500,144600,144550.0
2087,144500,144600,144550.0
2088,144600,144700,144650.0
2089,144500,144700,144600.0
2090,144600,144800,144700.0
2091,144700,144800,144750.0
2092,144700,144800,144750.0
2093,144700,144800,144750.0
2094,144500,144700,144600.0
2095,144500,144700,144600.0
2096,144500,144700,144600.0
2097,144600,144700,144650.0
2098,144600,144800,144700.0
2099,144600,144800,144700.0
2100,144600,144800,144700.0
2101,144400,144500,144450.0
2102,144400,144500,144450.0
2103,144600,144700,144650.0
2104,144500,144700,144600.0
2105,144600,144700,144650.0
2106,144500,144700,144600.0
2107,144600,144700,144650.0
2108,144600,144800,144700.0
